Player,Projection,Pos,Rank,pos_rank,Team,Cluster
Dallas Cowboys,118.9,DST,164.0,1.0,DST,1
Baltimore Ravens,117.4,DST,165.0,2.0,DST,1
New York Jets,115.4,DST,156.0,3.0,DST,2
Houston Texans,112.4,DST,227.0,4.5,DST,3
Philadelphia Eagles,112.4,DST,221.0,4.5,DST,3
Kansas City Chiefs,111.7,DST,217.0,6.0,DST,3
Pittsburgh Steelers,111.4,DST,197.0,7.0,DST,3
Cleveland Browns,110.3,DST,186.0,8.0,DST,4
San Francisco 49ers,110.2,DST,158.0,9.0,DST,4
Buffalo Bills,109.1,DST,212.0,11.0,DST,4
Miami Dolphins,109.1,DST,203.0,11.0,DST,4
Indianapolis Colts,109.1,DST,278.0,11.0,DST,4
Younghoe Koo,146.9,K,175.0,1.0,ATL,1
Justin Tucker,141.3,K,136.0,2.0,BAL,2
Harrison Butker,138.7,K,142.0,3.0,KC,2
Brandon Aubrey,138.5,K,130.0,4.0,DAL,2
Jake Elliott,135.5,K,168.0,5.0,PHI,3
Jason Myers,133.5,K,209.0,6.0,SEA,3
Ka'imi Fairbairn,131.9,K,162.0,7.0,HOU,3
Cameron Dicker,131.4,K,195.0,8.0,LAC,3
Greg Zuerlein,129.6,K,287.0,9.0,NYJ,4
Evan McPherson,128.7,K,188.0,10.0,CIN,4
Tyler Bass,128.5,K,201.0,11.0,BUF,4
Cairo Santos,128.1,K,285.0,12.0,CHI,4
Josh Allen,409.3,QB,22.0,1.0,BUF,1
Jalen Hurts,406.2,QB,29.0,2.0,PHI,1
Patrick Mahomes II,386.6,QB,31.0,3.0,KC,2
Lamar Jackson,383.76,QB,41.0,4.0,BAL,2
C.J. Stroud,357.08,QB,50.0,5.0,HOU,3
Anthony Richardson,355.76,QB,52.0,6.0,IND,3
Dak Prescott,354.84,QB,78.0,7.0,DAL,3
Joe Burrow,353.14,QB,63.0,8.0,CIN,3
Kyler Murray,344.78,QB,69.0,9.0,ARI,4
Jordan Love,339.94,QB,74.0,10.0,GB,4
Brock Purdy,339.22,QB,98.0,11.0,SF,4
Trevor Lawrence,335.5,QB,120.0,12.0,JAC,4
Jayden Daniels,334.44,QB,101.0,13.0,WAS,4
Caleb Williams,332.8,QB,97.0,14.0,CHI,4
Jared Goff,325.54,QB,107.0,15.0,DET,5
Deshaun Watson,323.37,QB,161.0,16.0,CLE,5
Justin Herbert,322.94,QB,124.0,17.0,LAC,5
Tua Tagovailoa,322.69,QB,109.0,18.0,MIA,5
Kirk Cousins,316.69,QB,135.0,19.0,ATL,6
Baker Mayfield,313.43,QB,152.0,20.0,TB,6
Matthew Stafford,311.21,QB,145.0,21.0,LAR,6
Aaron Rodgers,306.6,QB,138.0,22.0,NYJ,6
Geno Smith,302.81,QB,177.0,23.0,SEA,6
Will Levis,294.17,QB,174.0,24.0,TEN,7
Derek Carr,289.36,QB,198.0,25.0,NO,7
Sam Darnold,289.26,QB,206.0,26.0,MIN,7
Daniel Jones,284.94,QB,202.0,27.0,NYG,7
Bryce Young,268.3,QB,193.0,28.0,CAR,8
Bo Nix,266.92,QB,187.0,29.0,DEN,8
Russell Wilson,254.11,QB,211.0,30.0,PIT,9
Drake Maye,217.45,QB,204.0,31.0,NE,10
Gardner Minshew II,215.74,QB,223.0,32.0,LV,10
Christian McCaffrey,319.14,RB,1.0,1.0,SF,1
Breece Hall,270.7,RB,5.0,2.0,NYJ,2
Bijan Robinson,267.69,RB,6.0,3.0,ATL,2
Saquon Barkley,244.89,RB,10.0,4.0,PHI,2
Jonathan Taylor,243.64,RB,11.0,5.0,IND,2
Kyren Williams,231.71,RB,17.0,6.0,LAR,3
Jahmyr Gibbs,223.96,RB,12.0,7.0,DET,3
Derrick Henry,223.74,RB,18.0,8.0,BAL,3
Travis Etienne Jr.,217.75,RB,16.0,9.0,JAC,3
Isiah Pacheco,217.44,RB,24.0,10.0,KC,3
James Cook,213.67,RB,33.0,11.0,BUF,3
Rachaad White,212.99,RB,32.0,12.0,TB,3
De'Von Achane,209.45,RB,20.0,13.0,MIA,3
Josh Jacobs,207.83,RB,23.0,14.0,GB,3
Alvin Kamara,207.79,RB,45.0,15.0,NO,3
Joe Mixon,205.38,RB,44.0,16.0,HOU,3
Kenneth Walker III,196.85,RB,43.0,17.0,SEA,3
Aaron Jones,183.52,RB,53.0,18.0,MIN,4
David Montgomery,180.87,RB,64.0,19.0,DET,4
Zamir White,177.23,RB,68.0,20.0,LV,4
Rhamondre Stevenson,176.86,RB,59.0,21.0,NE,4
James Conner,175.51,RB,56.0,22.0,ARI,4
Najee Harris,174.38,RB,62.0,23.0,PIT,4
Raheem Mostert,169.28,RB,77.0,24.0,MIA,4
D'Andre Swift,164.73,RB,55.0,25.0,CHI,4
Javonte Williams,162.45,RB,76.0,26.0,DEN,4
Tony Pollard,160.91,RB,79.0,27.0,TEN,4
Jaylen Warren,158.93,RB,88.0,28.0,PIT,4
Brian Robinson Jr.,158.84,RB,94.0,29.0,WAS,4
Devin Singletary,156.77,RB,83.0,30.0,NYG,4
Zack Moss,150.89,RB,84.0,31.0,CIN,5
Austin Ekeler,149.26,RB,92.0,32.0,WAS,5
Tyjae Spears,148.41,RB,102.0,33.0,TEN,5
Chase Brown,145.85,RB,105.0,34.0,CIN,5
Gus Edwards,143.82,RB,114.0,35.0,LAC,5
Ezekiel Elliott,143.36,RB,108.0,36.0,DAL,5
Nick Chubb,136.46,RB,90.0,37.0,CLE,5
Jonathon Brooks,133.21,RB,86.0,38.0,CAR,5
Jerome Ford,130.47,RB,111.0,39.0,CLE,5
J.K. Dobbins,118.95,RB,119.0,40.0,LAC,6
Ty Chandler,114.45,RB,134.0,41.0,MIN,6
Tyler Allgeier,113.09,RB,143.0,42.0,ATL,6
Antonio Gibson,112.6,RB,149.0,43.0,NE,6
Chuba Hubbard,112.54,RB,126.0,44.0,CAR,6
Zach Charbonnet,111.3,RB,125.0,45.0,SEA,6
Rico Dowdle,110.77,RB,127.0,46.0,DAL,6
Blake Corum,109.5,RB,115.0,47.0,LAR,6
Trey Benson,106.99,RB,110.0,48.0,ARI,6
Khalil Herbert,105.25,RB,180.0,49.0,CHI,6
Jaleel McLaughlin,101.42,RB,146.0,50.0,DEN,6
MarShawn Lloyd,87.01,RB,157.0,51.0,GB,7
Alexander Mattison,80.57,RB,214.0,52.0,LV,7
Bucky Irving,79.27,RB,170.0,53.0,TB,7
Ray Davis,78.47,RB,159.0,54.0,BUF,7
Jamaal Williams,75.84,RB,228.0,55.0,NO,7
Braelon Allen,75.47,RB,169.0,56.0,NYJ,7
Kendre Miller,75.34,RB,179.0,57.0,NO,7
Clyde Edwards-Helaire,75.14,RB,207.0,58.0,KC,7
Tyrone Tracy Jr.,72.72,RB,166.0,59.0,NYG,7
Elijah Mitchell,69.5,RB,182.0,60.0,SF,7
Miles Sanders,67.44,RB,254.0,61.0,CAR,7
Tank Bigsby,64.54,RB,215.0,62.0,JAC,7
Roschon Johnson,60.97,RB,208.0,63.0,CHI,7
Jaylen Wright,60.02,RB,140.0,64.0,MIA,7
D'Onta Foreman,58.34,RB,232.0,65.0,CLE,7
Kenneth Gainwell,57.87,RB,224.0,66.0,PHI,7
Keaton Mitchell,57.37,RB,250.0,67.0,BAL,7
Dameon Pierce,57.2,RB,213.0,68.0,HOU,7
Kimani Vidal,53.62,RB,154.0,69.0,LAC,7
Justice Hill,53.16,RB,229.0,70.0,BAL,7
AJ Dillon,52.97,RB,241.0,71.0,GB,7
Audric Estime,46.83,RB,210.0,72.0,DEN,7
Travis Kelce,186.41,TE,28.0,1.0,KC,1
Sam LaPorta,178.72,TE,30.0,2.0,DET,1
Mark Andrews,170.33,TE,49.0,3.0,BAL,2
Trey McBride,161.77,TE,48.0,4.0,ARI,3
George Kittle,156.84,TE,61.0,5.0,SF,3
Dalton Kincaid,156.69,TE,51.0,6.0,BUF,3
Kyle Pitts,152.65,TE,67.0,7.0,ATL,3
Evan Engram,147.8,TE,72.0,8.0,JAC,4
David Njoku,144.53,TE,91.0,9.0,CLE,4
Jake Ferguson,144.36,TE,85.0,10.0,DAL,4
Brock Bowers,128.67,TE,89.0,11.0,LV,5
Dallas Goedert,125.77,TE,117.0,12.0,PHI,5
Dalton Schultz,118.51,TE,128.0,13.0,HOU,6
Pat Freiermuth,111.32,TE,129.0,14.0,PIT,6
T.J. Hockenson,109.16,TE,123.0,15.0,MIN,6
Tyler Conklin,99.65,TE,185.0,16.0,NYJ,7
Cole Kmet,99.19,TE,132.0,17.0,CHI,7
Hunter Henry,98.45,TE,178.0,18.0,NE,7
CeeDee Lamb,276.65,WR,3.0,1.0,DAL,1
Tyreek Hill,272.04,WR,2.0,2.0,MIA,1
Ja'Marr Chase,245.58,WR,7.0,3.0,CIN,2
Amon-Ra St. Brown,243.84,WR,8.0,4.0,DET,2
Justin Jefferson,241.28,WR,4.0,5.0,MIN,2
A.J. Brown,227.61,WR,9.0,6.0,PHI,2
Puka Nacua,226.98,WR,14.0,7.0,LAR,2
Garrett Wilson,217.65,WR,13.0,8.0,NYJ,2
Chris Olave,204.49,WR,25.0,9.0,NO,3
Marvin Harrison Jr.,203.02,WR,15.0,10.0,ARI,3
Drake London,200.68,WR,21.0,11.0,ATL,3
Mike Evans,200.25,WR,37.0,12.0,TB,3
Deebo Samuel Sr.,199.43,WR,26.0,13.0,SF,3
Nico Collins,199.41,WR,27.0,14.0,HOU,3
Davante Adams,198.65,WR,19.0,15.0,LV,3
Cooper Kupp,195.01,WR,35.0,16.0,LAR,3
DeVonta Smith,193.36,WR,47.0,17.0,PHI,3
DK Metcalf,192.44,WR,42.0,18.0,SEA,3
Brandon Aiyuk,191.82,WR,36.0,19.0,SF,3
Jaylen Waddle,188.88,WR,39.0,20.0,MIA,4
Stefon Diggs,186.55,WR,38.0,21.0,HOU,4
DJ Moore,186.22,WR,40.0,22.0,CHI,4
Amari Cooper,185.06,WR,54.0,23.0,CLE,4
Michael Pittman Jr.,184.71,WR,34.0,24.0,IND,4
Malik Nabers,183.17,WR,46.0,25.0,NYG,4
George Pickens,182.62,WR,58.0,26.0,PIT,4
Zay Flowers,181.6,WR,60.0,27.0,BAL,4
Tee Higgins,180.47,WR,57.0,28.0,CIN,4
Tank Dell,178.21,WR,65.0,29.0,HOU,4
Calvin Ridley,176.07,WR,81.0,30.0,TEN,4
Chris Godwin,175.44,WR,75.0,31.0,TB,4
Rashee Rice,174.97,WR,71.0,32.0,KC,4
Christian Kirk,174.32,WR,70.0,33.0,JAC,4
Terry McLaurin,168.75,WR,66.0,34.0,WAS,5
Keenan Allen,162.86,WR,73.0,35.0,CHI,5
Diontae Johnson,161.89,WR,87.0,36.0,CAR,5
Jayden Reed,161.73,WR,80.0,37.0,GB,5
DeAndre Hopkins,151.49,WR,96.0,38.0,TEN,6
Christian Watson,149.9,WR,99.0,39.0,GB,6
Jordan Addison,149.41,WR,100.0,40.0,MIN,6
Courtland Sutton,148.79,WR,113.0,41.0,DEN,6
Xavier Worthy,148.78,WR,82.0,42.0,KC,6
Rome Odunze,148.23,WR,93.0,43.0,CHI,6
Jaxon Smith-Njigba,146.87,WR,104.0,44.0,SEA,6
Brian Thomas Jr.,146.36,WR,116.0,45.0,JAC,6
Ladd McConkey,145.84,WR,95.0,46.0,LAC,6
Marquise Brown,143.87,WR,103.0,47.0,KC,6
Jerry Jeudy,142.3,WR,139.0,48.0,CLE,6
Jameson Williams,139.36,WR,112.0,49.0,DET,7
Tyler Lockett,139.26,WR,133.0,50.0,SEA,7
Joshua Palmer,138.17,WR,131.0,51.0,LAC,7
Curtis Samuel,137.07,WR,121.0,52.0,BUF,7
Jakobi Meyers,136.21,WR,137.0,53.0,LV,7
Khalil Shakir,134.57,WR,122.0,54.0,BUF,7
Mike Williams,133.17,WR,141.0,55.0,NYJ,7
Brandin Cooks,133.11,WR,147.0,56.0,DAL,7
Keon Coleman,132.92,WR,106.0,57.0,BUF,7
Gabe Davis,132.07,WR,148.0,58.0,JAC,7
Adam Thielen,131.45,WR,163.0,59.0,CAR,7
Romeo Doubs,130.4,WR,118.0,60.0,GB,7
DeMario Douglas,128.37,WR,189.0,61.0,NE,7
Rashid Shaheed,126.5,WR,150.0,62.0,NO,7
Darnell Mooney,122.53,WR,171.0,63.0,ATL,8
Ja'Lynn Polk,118.66,WR,176.0,64.0,NE,8
Josh Downs,112.82,WR,173.0,65.0,IND,8
Michael Wilson,112.49,WR,167.0,66.0,ARI,8
Dontayvion Wicks,112.34,WR,160.0,67.0,GB,8
Adonai Mitchell,112.15,WR,144.0,68.0,IND,8
Demarcus Robinson,109.54,WR,248.0,69.0,LAR,8
Wan'Dale Robinson,109.34,WR,226.0,70.0,NYG,8
Rashod Bateman,105.0,WR,220.0,71.0,BAL,8
