"Player","Team","REC","YDS","TDS","ATT","YDS","TDS","FL","FPTS"
" ","","",""
"CeeDee Lamb","DAL","116.1","1,487.8","9.7","9.8","68.2","0.8","1.1","216.4"
"Tyreek Hill","MIA","110.1","1,539.4","9.9","5.2","30.5","0.1","1.0","214.9"
"Ja'Marr Chase","CIN","106.7","1,357.7","9.1","3.0","12.6","0.1","0.7","190.7"
"Justin Jefferson","MIN","104.7","1,441.4","7.4","1.2","3.9","0.0","1.0","187.0"
"Amon-Ra St. Brown","DET","111.0","1,354.3","8.2","4.5","31.1","0.1","0.9","186.4"
"A.J. Brown","PHI","92.9","1,318.2","8.2","0.0","1.4","0.0","1.3","178.7"
"Puka Nacua","LAR","94.7","1,297.6","7.2","8.9","54.7","0.2","0.7","177.9"
"Garrett Wilson","NYJ","95.2","1,189.3","8.1","3.9","19.2","0.1","1.3","167.6"
"Deebo Samuel Sr.","SF","67.0","925.9","5.9","33.9","199.4","3.0","1.0","163.8"
"Mike Evans","TB","75.5","1,119.8","8.4","0.0","1.2","0.0","0.5","161.4"
"Nico Collins","HOU","78.4","1,149.5","7.4","1.4","8.6","0.0","0.5","159.4"
"Chris Olave","NO","89.8","1,204.9","6.5","0.0","1.0","0.0","0.6","158.5"
"Marvin Harrison Jr.","ARI","88.3","1,177.1","6.8","0.5","3.6","0.0","1.5","155.9"
"Drake London","ATL","87.8","1,145.6","7.0","0.0","2.2","0.0","0.9","155.0"
"DK Metcalf","SEA","73.7","1,068.7","8.1","0.0","1.2","0.0","0.5","154.5"
"Brandon Aiyuk","SF","74.2","1,117.2","7.1","0.8","4.0","0.0","0.9","153.1"
"Davante Adams","LV","93.1","1,130.0","6.5","0.0","1.0","0.0","0.5","151.0"
"Cooper Kupp","LAR","85.8","1,059.7","7.3","2.9","17.4","0.1","0.5","150.6"
"DeVonta Smith","PHI","84.8","1,082.4","7.1","0.0","1.2","0.0","0.9","149.0"
"Jaylen Waddle","MIA","81.4","1,112.7","5.7","3.6","21.1","0.1","0.5","146.8"
"DJ Moore","CHI","75.6","1,037.1","7.0","2.3","15.1","0.2","0.9","146.6"
"Amari Cooper","CLE","73.2","1,105.6","6.3","0.0","1.0","0.0","0.9","146.5"
"George Pickens","PIT","70.7","1,089.8","6.1","2.6","16.9","0.0","0.9","145.3"
"Tee Higgins","CIN","70.6","1,012.7","7.3","0.0","1.0","0.0","0.5","144.2"
"Tank Dell","HOU","69.1","943.0","7.0","11.1","61.6","0.2","0.6","141.9"
"Stefon Diggs","HOU","85.0","1,029.4","6.6","1.9","9.1","0.1","1.0","141.8"
"Malik Nabers","NYG","80.6","1,075.7","5.8","0.5","5.0","0.0","1.2","140.7"
"Calvin Ridley","TEN","71.3","975.4","6.9","2.9","14.8","0.0","0.5","139.7"
"Zay Flowers","BAL","79.4","964.7","6.2","7.4","46.3","0.6","1.0","139.7"
"Michael Pittman Jr.","IND","96.5","1,061.6","5.0","0.3","3.0","0.0","1.0","134.7"
"Rashee Rice","KC","78.1","926.2","7.1","1.5","7.0","0.0","1.0","134.0"
"Chris Godwin","TB","83.1","988.0","5.2","2.7","20.9","0.3","0.5","132.8"
"Christian Kirk","JAC","80.9","1,008.3","5.4","1.0","6.4","0.0","1.3","131.5"
"Terry McLaurin","WAS","77.1","1,023.8","4.6","0.3","2.2","0.0","0.5","129.4"
"Jayden Reed","GB","64.2","796.9","5.9","8.9","73.4","1.2","0.6","128.1"
"Diontae Johnson","CAR","72.8","905.7","5.7","1.0","7.2","0.0","0.6","124.6"
"Christian Watson","GB","53.4","775.7","6.9","4.1","24.3","0.3","0.5","122.3"
"Keenan Allen","CHI","79.3","889.8","5.6","1.0","6.3","0.0","1.0","121.2"
"Xavier Worthy","KC","56.6","821.6","5.9","3.7","23.2","0.1","0.8","118.5"
"DeAndre Hopkins","TEN","64.4","848.1","5.7","0.3","2.8","0.0","0.5","118.2"
"Jordan Addison","MIN","64.2","827.1","5.7","0.3","4.0","0.0","0.5","116.2"
"Rome Odunze","CHI","62.2","846.9","5.3","1.0","6.4","0.0","1.1","115.3"
"Courtland Sutton","DEN","63.8","819.7","5.8","0.0","1.2","0.0","1.3","114.6"
"Hollywood Brown","KC","57.9","769.6","6.1","1.9","13.6","0.0","0.4","114.2"
"Brian Thomas Jr.","JAC","63.2","841.6","5.0","0.7","6.0","0.0","1.1","112.6"
"Jameson Williams","DET","53.8","758.6","4.7","4.5","42.0","0.7","0.6","111.6"
"Ladd McConkey","LAC","66.0","821.7","5.0","1.1","6.7","0.0","1.1","111.0"
"Jerry Jeudy","CLE","62.0","849.7","4.3","0.3","5.3","0.0","0.6","110.2"
"Jaxon Smith-Njigba","SEA","72.2","793.7","5.2","0.0","2.0","0.0","0.6","109.5"
"Tyler Lockett","SEA","65.6","757.4","5.1","0.0","1.2","0.0","0.5","105.7"
"Joshua Palmer","LAC","62.1","786.4","4.7","0.3","2.8","0.0","0.9","105.6"
"Curtis Samuel","BUF","61.0","663.0","4.6","11.3","66.7","1.0","0.5","105.5"
"Gabe Davis","JAC","50.0","739.4","5.5","0.3","1.3","0.0","0.9","105.1"
"Mike Williams","NYJ","56.2","753.5","4.8","2.3","9.2","0.0","0.5","104.7"
"Khalil Shakir","BUF","59.3","769.2","4.6","0.3","4.0","0.0","0.2","104.5"
"Brandin Cooks","DAL","56.2","687.6","5.6","3.4","20.5","0.1","0.5","103.7"
"Jakobi Meyers","LV","64.7","729.0","4.6","2.4","15.6","0.3","0.5","102.8"
"Keon Coleman","BUF","55.8","745.4","5.0","1.0","4.8","0.0","1.1","102.7"
"Romeo Doubs","GB","55.9","687.0","5.6","0.0","1.5","0.0","0.5","101.4"
"Rashid Shaheed","NO","50.3","728.3","4.2","4.3","33.2","0.0","0.9","99.6"
"Darnell Mooney","ATL","50.9","706.7","4.1","2.1","12.1","0.1","0.2","96.8"
"DeMario Douglas","NE","60.9","737.1","3.2","8.4","44.1","0.1","0.9","96.2"
"Adam Thielen","CAR","69.2","695.5","4.5","0.3","3.0","0.0","0.6","95.5"
"Dontayvion Wicks","GB","45.6","609.6","4.7","0.3","3.8","0.0","0.5","88.7"
"Ja'Lynn Polk","NE","57.3","702.3","3.2","0.7","5.8","0.0","0.8","88.3"
"Michael Wilson","ARI","49.8","652.6","3.7","0.0","1.3","0.0","0.2","87.1"
"Adonai Mitchell","IND","48.2","653.7","3.7","0.7","4.8","0.0","0.8","86.8"
"Demarcus Robinson","LAR","46.2","592.6","4.4","0.3","7.8","0.0","0.6","85.3"
"Josh Downs","IND","55.9","639.4","3.4","0.0","5.3","0.0","0.5","83.6"
"DJ Chark Jr.","LAC","38.4","554.2","4.7","0.0","1.8","0.0","0.5","82.8"
"Rashod Bateman","BAL","46.1","605.0","3.5","0.3","4.5","0.0","0.2","81.5"
"Xavier Legette","CAR","46.0","597.3","3.0","2.8","17.2","0.1","0.4","79.3"
"Tim Patrick","DEN","42.7","552.9","3.9","0.0","2.3","0.0","0.1","79.0"
"Wan'Dale Robinson","NYG","58.7","549.8","2.7","8.1","58.1","0.5","0.5","78.5"
"Kendrick Bourne","NE","46.5","563.0","3.5","2.3","15.8","0.0","0.5","78.0"
"Darius Slayton","NYG","39.7","569.1","3.0","0.0","1.3","0.0","0.1","74.8"
"Odell Beckham Jr.","MIA","37.4","508.7","3.5","0.0","2.3","0.0","0.4","71.0"
"Ricky Pearsall","SF","37.1","477.5","3.5","2.2","14.5","0.1","0.7","68.9"
"Jalen McMillan","TB","42.1","502.4","3.2","0.7","7.5","0.0","0.7","68.5"
"Quentin Johnston","LAC","39.2","488.8","3.1","1.7","6.8","0.0","0.1","68.1"
"Jermaine Burton","CIN","37.8","480.1","3.2","0.7","4.3","0.0","0.7","65.9"
"Roman Wilson","PIT","36.6","474.7","2.8","0.7","10.0","0.0","0.4","64.3"
"Tyler Boyd","TEN","46.0","497.9","2.4","1.3","7.6","0.0","0.5","64.2"
"Jalin Hyatt","NYG","39.6","501.1","2.3","0.0","1.0","0.0","0.3","63.7"
"Jalen Tolbert","DAL","36.9","456.8","3.0","0.0","2.3","0.0","0.2","63.2"
"Josh Reynolds","DEN","35.0","451.6","3.0","0.0","1.3","0.0","0.4","62.6"
"Luke McCaffrey","WAS","39.8","473.1","2.3","0.7","9.3","0.0","0.4","61.4"
"Tre Tucker","LV","35.1","424.7","2.4","6.0","39.8","0.2","0.3","61.3"
"Marvin Mims Jr.","DEN","33.8","439.1","2.3","3.9","22.5","0.1","0.2","59.9"
"Troy Franklin","DEN","35.1","447.4","2.7","1.0","5.0","0.0","0.7","59.8"
"Elijah Moore","CLE","37.0","426.0","2.5","4.4","14.7","0.0","0.4","58.3"
"Greg Dortch","ARI","39.9","410.7","2.5","3.2","21.2","0.1","0.1","58.1"
"Dyami Brown","WAS","30.4","424.3","2.6","0.0","2.0","0.0","0.1","57.8"
"Andrei Iosivas","CIN","33.9","395.6","3.0","0.0","3.3","0.0","0.2","57.7"
"Malachi Corley","NYJ","33.9","376.0","2.6","4.4","30.0","0.2","0.1","57.0"
"Ray-Ray McCloud III","ATL","33.9","348.3","2.6","6.9","46.8","0.2","0.2","56.1"
"Jahan Dotson","PHI","31.2","384.4","2.8","0.0","2.0","0.0","0.4","54.8"
"JuJu Smith-Schuster","KC","37.0","389.5","2.5","1.0","2.5","0.0","0.0","54.2"
"Jonathan Mingo","CAR","34.5","404.6","2.0","0.0","3.0","0.0","0.1","52.4"
"Olamide Zaccheaus","WAS","30.0","375.7","2.1","0.0","5.0","0.0","0.1","50.3"
"Cedrick Wilson Jr.","NO","25.6","319.7","2.6","0.3","2.3","0.0","0.1","47.9"
"Treylon Burks","TEN","26.9","357.6","1.8","1.8","18.7","0.1","0.6","47.4"
"Trey Palmer","TB","26.9","321.9","2.0","4.2","20.2","0.1","0.2","46.3"
"KaVontae Turpin","DAL","18.7","220.2","2.7","8.7","66.9","0.4","0.4","46.2"
"Alec Pierce","IND","22.6","341.5","1.9","0.0","1.3","0.0","0.0","45.7"
"A.T. Perry","NO","20.0","296.6","2.3","0.3","1.8","0.0","0.0","43.7"
"Parker Washington","JAC","27.9","297.9","2.2","0.0","6.0","0.0","0.0","43.6"
"Cedric Tillman","CLE","24.7","313.3","2.0","0.0","1.7","0.0","0.2","43.0"
"Calvin Austin III","PIT","24.9","289.4","1.6","4.5","36.3","0.1","0.2","42.6"
"Devontez Walker","BAL","23.8","291.5","2.2","0.0","3.5","0.0","0.0","42.3"
"Nelson Agholor","BAL","23.3","291.9","2.1","0.0","2.0","0.0","0.1","41.9"
"Van Jefferson","PIT","22.7","309.2","1.8","0.0","4.0","0.0","0.1","41.7"
"Kalif Raymond","DET","23.7","287.0","1.6","2.2","24.6","0.1","0.2","40.6"
"Jalen Nailor","MIN","23.8","296.9","1.5","0.0","0.3","0.0","0.0","38.5"
"Zay Jones","ARI","24.4","279.5","1.9","0.0","2.0","0.0","0.6","38.1"
"Jauan Jennings","SF","21.5","264.9","1.7","0.0","3.3","0.0","0.1","36.8"
"Xavier Gipson","NYJ","19.4","221.3","1.6","4.6","32.6","0.2","0.1","35.6"
"Allen Lazard","NYJ","19.3","247.7","1.8","0.0","0.7","0.0","0.1","35.4"
"Brandon Johnson","DEN","14.4","190.6","2.5","0.0","2.3","0.0","0.0","34.0"
"Tutu Atwell","LAR","18.4","242.4","1.2","2.2","14.1","0.1","0.1","33.4"
"Javon Baker","NE","20.3","243.8","1.4","0.0","7.3","0.0","0.0","33.1"
"Lil'Jordan Humphrey","DEN","12.0","156.8","2.6","0.0","0.0","0.0","0.0","31.2"
"KhaDarel Hodge","ATL","17.0","226.6","1.4","0.0","0.0","0.0","0.2","30.6"
"Trenton Irwin","CIN","17.1","218.0","1.5","0.0","1.5","0.0","0.1","30.5"
"K.J. Osborn","NE","18.1","222.6","1.4","0.0","2.0","0.0","0.0","30.5"
"Jake Bobo","SEA","15.0","174.0","1.3","4.2","18.4","0.2","0.1","27.7"
"Quez Watkins","PIT","14.0","196.0","1.0","0.0","5.0","0.0","0.0","26.1"
"Mack Hollins","BUF","13.8","177.4","1.3","0.0","0.0","0.0","0.0","25.2"
"Kadarius Toney","KC","11.0","121.5","0.8","7.5","44.4","0.2","0.1","23.0"
"Cornelius Johnson","LAC","11.0","166.0","1.0","0.0","0.0","0.0","0.0","22.6"
"Justin Watson","KC","11.3","158.7","1.1","0.0","0.0","0.0","0.1","22.5"
"Bub Means","NO","13.2","160.0","1.1","0.0","0.0","0.0","0.0","22.2"
"Tyquan Thornton","NE","12.8","159.9","0.9","1.0","7.1","0.0","0.1","21.8"
"Malik Washington","MIA","11.7","144.5","0.9","2.1","13.3","0.1","0.0","21.2"
"Brandon Powell","MIN","14.4","143.6","0.9","1.9","14.6","0.0","0.1","20.9"
"Ainias Smith","PHI","11.0","141.0","1.0","0.0","6.0","0.0","0.0","20.7"
"Jamari Thrash","CLE","11.0","141.0","1.0","0.0","6.0","0.0","0.0","20.7"
"Ryan Flournoy","DAL","12.0","141.1","1.1","0.0","0.0","0.0","0.0","20.5"
"Marquez Valdes-Scantling","BUF","9.0","139.4","1.1","0.0","1.0","0.0","0.0","20.4"
"Jacob Cowing","SF","11.0","134.0","1.0","0.0","6.0","0.0","0.0","20.0"
"Jamison Crowder","WAS","15.1","149.7","0.8","0.0","0.0","0.0","0.1","19.6"
"Marcus Rosemy-Jacksaint","WAS","10.0","126.0","1.0","0.0","6.0","0.0","0.0","19.2"
"Mason Tipton","NO","12.0","131.0","1.0","0.0","0.0","0.0","0.0","19.1"
"Tahj Washington","MIA","11.0","131.0","1.0","0.0","0.0","0.0","0.0","19.1"
"Nikko Remigio","KC","10.0","130.0","1.0","0.0","0.0","0.0","0.0","19.0"
"Casey Washington","ATL","10.6","128.0","1.0","0.0","0.0","0.0","0.0","18.7"
"Devaughn Vele","DEN","10.0","123.0","1.0","0.0","0.0","0.0","0.0","18.3"
"Jordan Whittington","LAR","10.8","129.6","0.9","0.0","0.0","0.0","0.0","18.2"
"Tejhaun Palmer","ARI","11.0","122.0","1.0","0.0","0.0","0.0","0.0","18.2"
"Johnny Wilson","PHI","11.0","130.7","0.8","0.0","2.5","0.0","0.0","18.0"
"Tyler Scott","CHI","9.5","107.8","0.9","2.1","18.2","0.1","0.0","18.0"
"Derius Davis","LAC","7.0","81.1","0.6","6.7","38.6","0.1","0.1","15.8"
"Danny Gray","SF","7.0","94.0","1.0","0.0","4.0","0.0","0.0","15.8"
"Trent Sherfield Sr.","MIN","9.3","114.6","0.7","0.0","1.3","0.0","0.0","15.5"
"Brenden Rice","LAC","8.9","106.8","0.7","0.0","2.0","0.0","0.0","15.3"
"Skyy Moore","KC","8.7","101.4","0.8","0.0","3.0","0.0","0.1","15.0"
"Mecole Hardman Jr.","KC","7.6","96.4","0.7","0.0","13.0","0.0","0.0","15.0"
"Isaiah Hodgins","NYG","8.7","108.9","0.6","0.0","2.0","0.0","0.0","14.6"
"Nick Westbrook-Ikhine","TEN","8.1","108.0","0.6","0.0","1.3","0.0","0.0","14.5"
"D.J. Montgomery","IND","8.8","105.3","0.6","0.0","3.0","0.0","0.0","14.3"
"Xavier Hutchinson","HOU","7.9","98.5","0.6","0.0","9.5","0.0","0.0","14.3"
"Jalen Brooks","DAL","10.9","99.5","0.7","0.0","0.0","0.0","0.0","14.3"
"Robbie Chosen","SF","7.6","89.5","0.8","0.0","2.0","0.0","0.0","13.9"
"Rakim Jarrett","TB","7.8","97.3","0.6","0.0","5.0","0.0","0.0","13.7"
"David Moore","CAR","7.5","100.5","0.6","0.0","1.7","0.0","0.1","13.7"
"Anthony Gould","IND","7.6","89.5","0.7","0.0","0.0","0.0","0.0","13.0"
"Devin Duvernay","JAC","8.1","82.6","0.4","3.3","16.9","0.1","0.1","12.7"
"Charlie Jones","CIN","7.4","90.0","0.6","0.0","1.7","0.0","0.0","12.7"
"Robert Woods","HOU","8.3","86.8","0.6","0.0","2.0","0.0","0.0","12.6"
"David Bell","CLE","8.4","90.2","0.6","0.0","1.3","0.0","0.0","12.5"
"Isaiah McKenzie","NYG","9.0","80.0","0.5","1.9","10.1","0.1","0.1","12.4"
"Chris Moore","ARI","7.4","89.2","0.5","0.0","3.3","0.0","0.0","12.3"
"Justyn Ross","KC","6.1","77.1","0.7","0.0","0.0","0.0","0.0","11.9"
"Chris Blair","ATL","7.2","82.2","0.6","0.0","0.0","0.0","0.1","11.8"
"Jalen Guyton","LV","6.0","79.9","0.6","0.0","2.0","0.0","0.0","11.7"
"Parris Campbell","PHI","8.1","83.5","0.5","0.0","1.7","0.0","0.0","11.7"
"John Metchie III","HOU","6.9","81.6","0.5","0.0","2.7","0.0","0.0","11.6"
"Nsimba Webster","CHI","6.9","80.7","0.6","0.0","0.0","0.0","0.0","11.5"
"Ihmir Smith-Marsette","CAR","8.6","67.0","0.4","2.1","18.1","0.1","0.0","11.5"
"Jason Brownlee","NYJ","6.3","78.6","0.6","0.0","1.5","0.0","0.0","11.5"
"Zach Pascal","ARI","5.9","74.8","0.6","0.0","2.0","0.0","0.0","11.4"
"Ronnie Bell","SF","6.3","76.0","0.6","0.0","2.0","0.0","0.0","11.3"
"Kayshon Boutte","NE","6.3","78.6","0.5","0.0","2.5","0.0","0.0","11.3"
"Braxton Berrios","MIA","8.2","79.2","0.5","0.0","2.7","0.0","0.0","11.2"
"KJ Hamler","BUF","5.4","74.1","0.6","0.0","2.5","0.0","0.0","11.2"
"Deonte Harty","BAL","5.9","72.2","0.6","0.0","5.0","0.0","0.0","11.1"
"Ashton Dulin","IND","6.1","70.4","0.6","0.0","2.0","0.0","0.0","11.0"
"Jalen Reagor","NE","5.5","71.4","0.6","0.0","2.0","0.0","0.0","10.8"
"Laviska Shenault Jr.","SEA","5.8","61.5","0.2","3.2","28.9","0.1","0.1","10.7"
"Michael Woods II","CLE","5.3","68.8","0.6","0.0","2.0","0.0","0.0","10.6"
"Bo Melton","GB","5.9","68.8","0.5","1.0","6.3","0.0","0.1","10.4"
"Chris Conley","SF","5.3","65.0","0.6","0.0","2.0","0.0","0.0","10.2"
"Dee Eskridge","SEA","5.3","64.8","0.3","4.3","15.4","0.1","0.0","10.1"
"Malik Heath","GB","5.4","64.6","0.6","0.0","1.5","0.0","0.0","10.1"
"Kyle Philips","TEN","6.6","78.1","0.3","0.0","0.5","0.0","0.0","9.7"
"Tim Jones","JAC","4.9","57.0","0.6","0.0","2.0","0.0","0.0","9.4"
"Equanimeous St. Brown","NO","4.3","56.8","0.6","0.0","2.0","0.0","0.0","9.4"
"Scotty Miller","PIT","5.1","63.8","0.2","0.0","1.3","0.0","0.0","7.8"
"Racey McMath","DAL","3.4","42.4","0.3","0.0","0.0","0.0","0.0","6.3"
"Tyler Johnson","LAR","3.4","40.4","0.3","0.0","0.0","0.0","0.0","6.0"
"Tylan Wallace","BAL","4.0","50.7","0.1","0.0","2.0","0.0","0.0","5.9"
"Andre Baccellia","ARI","3.8","41.7","0.3","0.0","0.0","0.0","0.0","5.9"
"River Cracraft","MIA","6.9","51.6","0.1","0.0","0.0","0.0","0.0","5.9"
"Dareke Young","SEA","3.4","39.8","0.3","0.0","0.0","0.0","0.0","5.5"
"Easop Winston Jr.","SEA","3.4","39.5","0.3","0.0","0.0","0.0","0.0","5.5"
"Tre'Quan Smith","DET","6.4","49.2","0.1","0.0","0.0","0.0","0.0","5.4"
"DJ Turner","LV","3.3","37.4","0.2","0.0","0.0","0.0","0.1","4.9"
"James Proche II","CLE","3.2","37.0","0.2","0.0","0.0","0.0","0.0","4.8"
"Miles Boykin","NYG","3.3","36.2","0.2","0.0","0.0","0.0","0.0","4.6"
"Britain Covey","PHI","3.6","38.9","0.1","0.0","0.0","0.0","0.0","4.5"
"Jha'Quan Jackson","TEN","4.0","41.0","0.0","0.0","0.0","0.0","0.0","4.1"
"Trishton Jackson","MIN","2.5","27.7","0.2","0.0","0.0","0.0","0.0","4.0"
"Andy Isabella","BUF","1.8","23.0","0.2","0.0","0.0","0.0","0.0","3.3"
"Velus Jones Jr.","CHI","1.9","25.0","0.1","0.0","3.0","0.0","0.0","3.3"
"N'Keal Harry","MIN","2.0","22.3","0.2","0.0","0.0","0.0","0.0","3.2"
"Tom Kennedy","DET","1.7","22.2","0.2","0.0","0.0","0.0","0.0","3.2"
"Daurice Fountain","DET","1.7","22.0","0.2","0.0","0.0","0.0","0.0","3.2"
"Maurice Alexander","DET","1.7","22.0","0.2","0.0","0.0","0.0","0.0","3.2"
"Montrell Washington","KC","1.8","21.2","0.2","0.0","0.0","0.0","0.0","3.1"
"Collin Johnson","CHI","1.7","20.5","0.2","0.0","0.0","0.0","0.0","3.1"
"Simi Fehoko","LAC","1.7","20.3","0.2","0.0","0.0","0.0","0.0","3.0"
"Braylon Sanders","MIA","1.8","20.2","0.2","0.0","0.0","0.0","0.0","3.0"
"Erik Ezukanma","MIA","1.8","20.2","0.2","0.0","0.0","0.0","0.0","3.0"
"Anthony Schwartz","MIA","1.7","20.0","0.2","0.0","0.0","0.0","0.0","3.0"
"Stanley Morgan Jr.","NO","1.7","19.7","0.2","0.0","0.0","0.0","0.0","3.0"
"Cephus Johnson III","TB","1.7","19.6","0.2","0.0","0.0","0.0","0.0","3.0"
"Cody White","SEA","1.7","19.5","0.2","0.0","0.0","0.0","0.0","3.0"
"Dax Milne","LV","1.7","19.9","0.2","0.0","0.0","0.0","0.0","3.0"
"Colton Dowell","TEN","1.5","19.3","0.2","0.0","0.0","0.0","0.0","2.9"
"Mason Kinsey","TEN","1.5","19.3","0.2","0.0","0.0","0.0","0.0","2.9"
"Irvin Charles","NYJ","1.7","19.2","0.2","0.0","0.0","0.0","0.0","2.9"
"Malik Taylor","NYJ","1.7","19.2","0.2","0.0","0.0","0.0","0.0","2.9"
"Lance McCutcheon","NYJ","1.7","19.0","0.2","0.0","0.0","0.0","0.0","2.9"
"Jacob Harris","PHI","1.6","18.4","0.2","0.0","0.0","0.0","0.0","2.9"
"Juwann Winfree","IND","1.5","18.0","0.2","0.0","0.0","0.0","0.0","2.8"
"Byron Pringle","WAS","2.4","20.3","0.1","0.0","1.0","0.0","0.0","2.8"
"Kristian Wilkerson","LV","1.5","17.5","0.2","0.0","0.0","0.0","0.0","2.8"
"DeAndre Carter","CHI","2.0","21.0","0.0","0.0","6.0","0.0","0.0","2.7"
"Dez Fitzpatrick","PIT","1.4","16.7","0.2","0.0","0.0","0.0","0.0","2.7"
"Jalen Virgil","DEN","1.5","17.4","0.2","0.0","0.0","0.0","0.0","2.6"
"David Sills","DEN","1.5","16.4","0.1","0.0","0.0","0.0","0.0","2.5"
"Gunner Olszewski","NYG","1.7","17.8","0.1","0.0","0.0","0.0","0.0","2.4"
""
""